{
  "$schema":"http://wso2.org/json-schema/wso2-data-mapper-v5.0.0/schema#",
  "id":"http://wso2jsonschema.org",
  "outputType" : "JSONSCHEMA",
  "title" : "ActiveCard",
  "type" : "object",
  "properties" : {
    "PersonNumber" : {
      "id" : "PersonUniqueId",
      "type" : "string"
    },
    "Photo" : {
      "id" : "PersonPhoto",
      "type" : "string"
    },
    "CardNumber" : {
      "id" : "PersonCardNumber",
      "type" : "string"
    },
    "ChipserialNumber" : {
      "id" : "PersonChipserialNumber",
      "type" : "string"
    },
    "PacsCardNumber" : {
      "id" : "PersonPacsCardNumber",
      "type" : "string"
    }
  }
}